{"assets/album.png":["assets/album.png"],"assets/dance.png":["assets/dance.png"],"assets/like.png":["assets/like.png"],"assets/music.png":["assets/music.png"],"assets/recent.png":["assets/recent.png"],"assets/user.png":["assets/user.png"],"fonts/circular-std-medium-500.ttf":["fonts/circular-std-medium-500.ttf"],"packages/cupertino_icons/assets/CupertinoIcons.ttf":["packages/cupertino_icons/assets/CupertinoIcons.ttf"],"packages/flutter_feather_icons/fonts/feather.ttf":["packages/flutter_feather_icons/fonts/feather.ttf"]}